unix_timestamp,bid,ask,mid
1758739036.7713013,113644.6,113644.7,113644.650000
1758739040.9247973,113644.6,113644.7,113644.650000
1758739041.2491076,113644.6,113644.7,113644.650000
1758739041.5108025,113644.6,113644.7,113644.650000
1758739041.8120756,113644.6,113644.7,113644.650000
1758739042.1475317,113644.6,113644.7,113644.650000
1758739042.3736944,113644.6,113644.7,113644.650000
1758739042.68899,113644.6,113644.7,113644.650000
1758739042.9913445,113644.6,113644.7,113644.650000
1758739043.2695713,113644.6,113644.7,113644.650000
1758739043.586402,113644.6,113644.7,113644.650000
1758739043.8864794,113644.6,113644.7,113644.650000
1758739044.1575987,113644.6,113644.7,113644.650000
1758739044.413317,113644.6,113644.7,113644.650000
1758739044.682869,113644.6,113644.7,113644.650000
1758739044.944676,113644.6,113644.7,113644.650000
1758739045.3747833,113644.6,113644.7,113644.650000
1758739045.6397505,113644.6,113644.7,113644.650000
1758739045.8982,113644.6,113644.7,113644.650000
1758739046.2361636,113644.6,113644.7,113644.650000
1758739046.510803,113644.6,113644.7,113644.650000
1758739046.7604756,113644.6,113644.7,113644.650000
1758739047.1415262,113644.6,113644.7,113644.650000
1758739047.4468498,113644.6,113644.7,113644.650000
1758739047.742343,113644.6,113644.7,113644.650000
1758739048.0002022,113644.6,113644.7,113644.650000
1758739048.3192823,113644.6,113644.7,113644.650000
1758739048.628313,113644.6,113644.7,113644.650000
1758739048.8856401,113644.6,113644.7,113644.650000
1758739049.1863494,113644.6,113644.7,113644.650000
1758739049.6218235,113644.6,113644.7,113644.650000
1758739049.731141,113644.6,113644.7,113644.650000
1758739050.0415587,113644.6,113644.7,113644.650000
1758739050.3111873,113644.6,113644.7,113644.650000
1758739050.562115,113649.9,113650.0,113649.950000
1758739050.8176181,113649.9,113650.0,113649.950000
1758739051.2487798,113652.9,113653.0,113652.950000
1758739051.4660554,113652.9,113653.0,113652.950000
1758739051.7411199,113652.9,113653.0,113652.950000
1758739052.054668,113653.0,113653.1,113653.050000
1758739052.424673,113654.9,113656.7,113655.800000
1758739052.7431672,113657.4,113658.3,113657.850000
1758739053.0862582,113658.2,113658.3,113658.250000
1758739053.4055989,113658.2,113658.3,113658.250000
1758739053.7181354,113658.2,113658.3,113658.250000
1758739053.9725537,113658.2,113658.3,113658.250000
1758739054.270278,113658.2,113658.3,113658.250000
1758739054.5840092,113658.2,113658.3,113658.250000
1758739054.8758492,113658.2,113658.3,113658.250000
1758739055.1462622,113658.2,113658.3,113658.250000
1758739055.483358,113659.9,113660.0,113659.950000
1758739055.736554,113659.9,113660.0,113659.950000
1758739056.0287535,113659.9,113660.0,113659.950000
1758739056.3691635,113659.9,113660.0,113659.950000
1758739056.6170626,113659.9,113660.0,113659.950000
1758739056.9283612,113659.9,113660.0,113659.950000
1758739057.2538862,113659.9,113660.0,113659.950000
1758739057.494005,113659.9,113660.0,113659.950000
1758739057.7460217,113659.9,113660.0,113659.950000
1758739057.9988945,113659.9,113660.0,113659.950000
1758739058.2601175,113660.5,113660.6,113660.550000
1758739058.5126078,113660.9,113661.6,113661.250000
1758739058.762571,113661.5,113661.6,113661.550000
1758739059.041911,113661.6,113661.7,113661.650000
1758739059.3241837,113665.9,113666.2,113666.050000
1758739059.6191845,113665.9,113666.0,113665.950000
1758739059.9709418,113665.9,113666.0,113665.950000
1758739060.231189,113665.9,113666.0,113665.950000
1758739060.4216459,113665.9,113666.0,113665.950000
1758739060.6923566,113665.9,113666.0,113665.950000
1758739060.950104,113665.9,113666.0,113665.950000
1758739061.2300394,113665.9,113666.0,113665.950000
1758739061.482634,113665.9,113666.0,113665.950000
1758739061.8665466,113665.9,113666.0,113665.950000
1758739062.1028776,113665.9,113666.0,113665.950000
1758739062.3927271,113665.9,113666.0,113665.950000
1758739062.6689324,113665.9,113666.0,113665.950000
1758739062.940977,113665.9,113666.0,113665.950000
1758739063.2874749,113665.9,113666.0,113665.950000
1758739063.5704672,113665.9,113666.0,113665.950000
1758739063.9091928,113665.9,113666.0,113665.950000
1758739064.201125,113665.9,113666.0,113665.950000
1758739064.4623363,113665.9,113666.0,113665.950000
1758739064.7493198,113665.9,113666.0,113665.950000
1758739065.16588,113665.9,113666.0,113665.950000
1758739065.366182,113665.9,113666.0,113665.950000
1758739065.6370997,113665.9,113666.0,113665.950000
1758739065.9381325,113665.9,113666.0,113665.950000
1758739066.3723283,113665.9,113666.0,113665.950000
1758739066.6337295,113665.9,113666.0,113665.950000
1758739066.8902674,113665.9,113666.0,113665.950000
1758739067.1536791,113665.9,113666.0,113665.950000
1758739067.451803,113665.9,113666.0,113665.950000
1758739067.728823,113665.9,113666.0,113665.950000
1758739067.9995327,113665.9,113666.0,113665.950000
1758739068.3322215,113665.9,113666.0,113665.950000
1758739068.6096961,113665.9,113666.0,113665.950000
1758739068.8810875,113665.9,113666.0,113665.950000
1758739069.3307471,113665.9,113666.0,113665.950000
1758739069.4538321,113665.9,113666.0,113665.950000
1758739069.7309985,113665.9,113666.0,113665.950000
1758739069.9963264,113665.9,113666.0,113665.950000
1758739070.4786625,113665.9,113666.0,113665.950000
1758739070.7669833,113665.9,113666.0,113665.950000
1758739071.0273666,113665.9,113666.0,113665.950000
1758739071.336255,113665.9,113666.0,113665.950000
1758739071.6820424,113665.9,113666.0,113665.950000
1758739071.9604185,113665.9,113666.0,113665.950000
1758739072.2430792,113665.9,113666.0,113665.950000
1758739072.5361125,113665.9,113666.0,113665.950000
1758739072.818805,113665.9,113666.0,113665.950000
1758739073.1118062,113665.9,113666.0,113665.950000
1758739073.3622243,113665.9,113666.0,113665.950000
1758739073.7429316,113665.9,113666.0,113665.950000
1758739074.0407465,113665.9,113666.0,113665.950000
1758739074.2722516,113665.9,113666.0,113665.950000
1758739074.570833,113665.9,113666.0,113665.950000
1758739074.8783896,113665.9,113666.0,113665.950000
1758739075.222947,113665.9,113666.0,113665.950000
1758739075.5097528,113665.9,113666.0,113665.950000
1758739075.6648326,113665.9,113666.0,113665.950000
1758739076.1191833,113665.9,113666.0,113665.950000
1758739076.3706276,113665.9,113666.0,113665.950000
1758739076.6436148,113665.9,113666.0,113665.950000
1758739076.9500005,113665.9,113666.0,113665.950000
1758739077.2517605,113665.9,113666.0,113665.950000
1758739077.52466,113665.9,113666.0,113665.950000
1758739077.8486207,113665.9,113666.0,113665.950000
1758739078.1997457,113665.9,113666.0,113665.950000
1758739078.4575286,113665.9,113666.0,113665.950000
1758739078.7541459,113665.9,113666.0,113665.950000
1758739079.0420258,113665.9,113666.0,113665.950000
1758739079.2923293,113665.9,113666.0,113665.950000
1758739079.564321,113665.9,113666.0,113665.950000
1758739079.8588216,113665.9,113666.0,113665.950000
1758739080.2111225,113665.9,113666.0,113665.950000
1758739080.4974308,113665.9,113666.0,113665.950000
1758739080.7631085,113665.9,113666.0,113665.950000
1758739081.054779,113665.9,113666.0,113665.950000
1758739081.3224878,113665.9,113666.0,113665.950000
1758739081.58411,113665.9,113666.0,113665.950000
1758739081.8991046,113665.9,113666.0,113665.950000
1758739082.1687148,113665.9,113666.0,113665.950000
1758739082.4239452,113665.9,113666.0,113665.950000
1758739082.7178898,113665.9,113666.0,113665.950000
1758739082.9929469,113665.9,113666.0,113665.950000
1758739083.251674,113665.9,113666.0,113665.950000
1758739083.6037526,113665.9,113666.0,113665.950000
1758739083.9206657,113665.9,113666.0,113665.950000
1758739084.2659962,113665.9,113666.0,113665.950000
1758739084.6114178,113665.9,113666.0,113665.950000
1758739084.9100695,113665.9,113666.0,113665.950000
1758739085.1778998,113665.9,113666.0,113665.950000
1758739085.4598205,113665.9,113666.0,113665.950000
1758739085.9187577,113665.9,113666.0,113665.950000
1758739086.1814196,113665.9,113666.0,113665.950000
1758739086.4751077,113665.9,113666.0,113665.950000
1758739086.7632158,113665.9,113666.0,113665.950000
1758739087.0188375,113665.9,113666.0,113665.950000
1758739087.2978232,113665.9,113666.0,113665.950000
1758739087.569868,113665.9,113666.0,113665.950000
1758739087.8426008,113665.9,113666.0,113665.950000
1758739088.1457832,113665.9,113666.0,113665.950000
1758739088.419711,113665.9,113666.0,113665.950000
1758739088.7027533,113665.9,113666.0,113665.950000
1758739089.04019,113665.9,113666.0,113665.950000
1758739089.3071966,113665.9,113666.0,113665.950000
1758739089.56096,113665.9,113666.0,113665.950000
1758739089.9550977,113665.9,113666.0,113665.950000
1758739090.2624426,113665.9,113666.0,113665.950000
1758739090.5529134,113665.9,113666.0,113665.950000
1758739090.8740396,113665.9,113666.0,113665.950000
1758739091.1474848,113665.9,113666.0,113665.950000
1758739091.4277556,113665.9,113666.0,113665.950000
1758739091.7006278,113665.9,113666.0,113665.950000
1758739092.204707,113665.9,113666.0,113665.950000
1758739092.519326,113665.9,113666.0,113665.950000
1758739092.8513014,113665.9,113666.0,113665.950000
1758739093.2607884,113665.9,113666.0,113665.950000
1758739093.4792829,113665.9,113666.0,113665.950000
1758739093.7437158,113665.9,113666.0,113665.950000
1758739094.0168102,113665.9,113666.0,113665.950000
1758739094.2818875,113665.9,113666.0,113665.950000
1758739094.5452912,113665.9,113666.0,113665.950000
1758739094.8608637,113665.9,113666.0,113665.950000
1758739095.1358628,113665.9,113666.0,113665.950000
1758739095.4134057,113665.9,113666.0,113665.950000
1758739095.6785347,113665.9,113666.0,113665.950000
1758739095.940454,113665.9,113666.0,113665.950000
1758739096.3056571,113665.9,113666.0,113665.950000
1758739096.497429,113665.9,113666.0,113665.950000
1758739096.8528256,113665.9,113666.0,113665.950000
1758739097.2140365,113665.9,113666.0,113665.950000
1758739097.5375447,113666.1,113668.0,113667.050000
1758739097.8743267,113666.1,113670.0,113668.050000
1758739098.2031555,113669.9,113679.2,113674.550000
1758739098.4739363,113679.1,113679.2,113679.150000
1758739098.8505478,113679.1,113679.2,113679.150000
1758739099.3078103,113679.1,113679.2,113679.150000
1758739099.5360057,113679.1,113679.2,113679.150000
1758739099.827488,113679.1,113679.2,113679.150000
1758739100.1794503,113679.1,113679.2,113679.150000
1758739100.442574,113679.1,113679.2,113679.150000
1758739100.702457,113679.1,113679.2,113679.150000
1758739100.961354,113679.1,113679.2,113679.150000
1758739101.2395816,113679.1,113679.2,113679.150000
1758739101.5246303,113679.1,113679.2,113679.150000
1758739101.7724376,113679.1,113679.2,113679.150000
1758739102.2832134,113679.1,113679.2,113679.150000
1758739102.3976486,113679.1,113679.2,113679.150000
1758739102.6349595,113679.1,113679.2,113679.150000
1758739102.934342,113679.1,113679.2,113679.150000
1758739103.1874866,113679.1,113679.2,113679.150000
1758739103.4495237,113679.1,113679.2,113679.150000
1758739103.7283247,113679.1,113679.2,113679.150000
1758739104.008179,113679.1,113679.2,113679.150000
1758739104.2745495,113679.1,113679.2,113679.150000
1758739104.5381236,113679.1,113679.2,113679.150000
1758739104.8511827,113679.1,113679.2,113679.150000
1758739105.3013449,113679.1,113679.2,113679.150000
1758739105.5813348,113679.1,113679.2,113679.150000
1758739105.8553095,113679.1,113679.2,113679.150000
1758739106.1947699,113679.1,113679.2,113679.150000
1758739106.5029635,113679.1,113679.2,113679.150000
1758739106.8230615,113679.1,113679.2,113679.150000
1758739107.1103418,113679.1,113679.2,113679.150000
1758739107.3782516,113679.1,113679.2,113679.150000
1758739107.6241856,113679.1,113679.2,113679.150000
1758739107.8745751,113679.1,113679.2,113679.150000
1758739108.356176,113679.1,113679.2,113679.150000
1758739108.442127,113679.1,113679.2,113679.150000
1758739108.7080207,113679.1,113679.2,113679.150000
1758739108.9576373,113679.1,113679.2,113679.150000
1758739109.2148256,113679.1,113679.2,113679.150000
1758739109.4856877,113679.1,113679.2,113679.150000
1758739109.8237393,113686.8,113686.9,113686.850000
1758739110.141276,113686.8,113686.9,113686.850000
1758739110.3338594,113686.8,113686.9,113686.850000
1758739110.6180408,113686.8,113686.9,113686.850000
1758739110.8789718,113686.8,113686.9,113686.850000
1758739111.343193,113686.8,113686.9,113686.850000
1758739111.4039001,113686.8,113686.9,113686.850000
1758739111.6853018,113686.8,113686.9,113686.850000
1758739111.9390743,113686.8,113686.9,113686.850000
1758739112.239646,113686.8,113686.9,113686.850000
1758739112.502929,113686.8,113686.9,113686.850000
1758739112.863036,113686.8,113686.9,113686.850000
1758739113.1461413,113686.8,113686.9,113686.850000
1758739113.5348933,113686.8,113686.9,113686.850000
1758739113.7971156,113686.8,113686.9,113686.850000
1758739114.2164516,113686.8,113686.9,113686.850000
1758739114.3955727,113686.8,113686.9,113686.850000
1758739114.6763623,113686.8,113686.9,113686.850000
1758739114.9361398,113686.8,113686.9,113686.850000
1758739115.2743652,113686.8,113686.9,113686.850000
1758739115.5982,113686.8,113686.9,113686.850000
1758739115.8610446,113686.8,113686.9,113686.850000
1758739116.1565485,113686.8,113686.9,113686.850000
1758739116.4213982,113686.8,113686.9,113686.850000
1758739116.6980767,113686.8,113686.9,113686.850000
1758739117.3555732,113686.8,113686.9,113686.850000
1758739117.3986063,113686.8,113686.9,113686.850000
1758739117.6490028,113686.8,113686.9,113686.850000
1758739117.922059,113686.8,113686.9,113686.850000
1758739118.1944134,113686.8,113686.9,113686.850000
1758739118.5087607,113686.8,113686.9,113686.850000
1758739118.7735384,113686.8,113686.9,113686.850000
1758739119.1216924,113686.8,113686.9,113686.850000
1758739119.4270144,113686.8,113686.9,113686.850000
1758739119.7107902,113686.8,113686.9,113686.850000
1758739119.9782166,113686.8,113686.9,113686.850000
1758739120.27632,113686.8,113686.9,113686.850000
1758739120.6168394,113686.8,113686.9,113686.850000
1758739120.8725631,113686.8,113686.9,113686.850000
1758739121.1624286,113686.8,113686.9,113686.850000
1758739121.5306098,113686.8,113686.9,113686.850000
1758739121.808414,113686.8,113686.9,113686.850000
1758739122.0903726,113686.8,113686.9,113686.850000
1758739122.375077,113686.8,113686.9,113686.850000
1758739122.62626,113686.8,113686.9,113686.850000
1758739122.8944411,113686.8,113686.9,113686.850000
1758739123.2781935,113686.8,113686.9,113686.850000
1758739123.4298966,113686.8,113686.9,113686.850000
1758739123.690527,113686.8,113686.9,113686.850000
1758739123.9745302,113686.8,113686.9,113686.850000
1758739124.2393613,113686.8,113686.9,113686.850000
1758739124.5234365,113686.8,113686.9,113686.850000
1758739124.845788,113686.8,113686.9,113686.850000
1758739125.1122196,113686.8,113686.9,113686.850000
1758739125.4168425,113686.8,113686.9,113686.850000
1758739125.6796436,113686.8,113686.9,113686.850000
1758739125.9431977,113686.8,113686.9,113686.850000
1758739126.3664558,113686.8,113686.9,113686.850000
1758739126.5059888,113686.8,113686.9,113686.850000
1758739126.863828,113686.8,113686.9,113686.850000
1758739127.1659017,113686.8,113686.9,113686.850000
1758739127.4217439,113686.8,113686.9,113686.850000
1758739127.6926966,113686.8,113686.9,113686.850000
1758739128.0000193,113686.8,113686.9,113686.850000
1758739128.24811,113686.8,113686.9,113686.850000
1758739128.526304,113686.8,113686.9,113686.850000
1758739128.9563723,113686.8,113686.9,113686.850000
1758739129.2842975,113686.8,113686.9,113686.850000
1758739129.5256076,113686.8,113686.9,113686.850000
1758739129.7901127,113686.8,113686.9,113686.850000
1758739130.1867547,113686.5,113686.8,113686.650000
1758739130.5085406,113680.9,113681.0,113680.950000
1758739130.806943,113680.9,113681.0,113680.950000
1758739131.1029828,113680.9,113681.0,113680.950000
1758739131.3852336,113680.9,113681.0,113680.950000
1758739131.68777,113680.9,113681.0,113680.950000
1758739131.963286,113680.9,113681.0,113680.950000
1758739132.4101074,113680.9,113681.0,113680.950000
1758739132.60671,113680.9,113681.0,113680.950000
1758739132.8700702,113680.9,113681.0,113680.950000
1758739133.1230762,113680.9,113681.0,113680.950000
1758739133.3817706,113680.9,113681.0,113680.950000
1758739133.667502,113680.9,113681.0,113680.950000
1758739133.937174,113680.9,113681.0,113680.950000
1758739134.2261407,113680.9,113681.0,113680.950000
1758739134.4857113,113680.9,113681.0,113680.950000
1758739134.752296,113680.9,113681.0,113680.950000
1758739135.0333514,113680.9,113681.0,113680.950000
1758739135.3230977,113680.9,113681.0,113680.950000
1758739135.566356,113680.9,113681.0,113680.950000
1758739135.8328617,113680.9,113681.0,113680.950000
1758739136.1581378,113680.9,113681.0,113680.950000
1758739136.3646305,113680.9,113681.0,113680.950000
1758739136.6264358,113680.9,113681.0,113680.950000
1758739136.8939886,113680.9,113681.0,113680.950000
1758739137.1811893,113680.9,113681.0,113680.950000
1758739137.4574196,113680.9,113681.0,113680.950000
1758739137.7425532,113680.9,113681.0,113680.950000
1758739138.0493164,113680.9,113681.0,113680.950000
1758739138.3535306,113680.9,113681.0,113680.950000
1758739138.6456456,113680.9,113681.0,113680.950000
1758739138.9126966,113680.9,113681.0,113680.950000
1758739139.175154,113680.9,113681.0,113680.950000
1758739139.4367065,113680.9,113681.0,113680.950000
1758739139.703743,113680.9,113681.0,113680.950000
1758739140.1290102,113680.9,113681.0,113680.950000
1758739140.3790982,113680.9,113681.0,113680.950000
1758739140.7030978,113680.9,113681.0,113680.950000
1758739141.0462856,113680.9,113681.0,113680.950000
1758739141.4081373,113680.9,113681.0,113680.950000
1758739141.6745632,113680.9,113681.0,113680.950000
1758739141.9337783,113680.9,113681.0,113680.950000
1758739142.2011178,113680.9,113681.0,113680.950000
1758739142.5475972,113680.9,113681.0,113680.950000
1758739142.7378864,113680.9,113681.0,113680.950000
1758739143.2794929,113680.9,113681.0,113680.950000
1758739143.4201357,113680.9,113681.0,113680.950000
1758739143.70051,113680.9,113681.0,113680.950000
1758739144.166285,113680.9,113681.0,113680.950000
1758739144.414981,113680.9,113681.0,113680.950000
1758739144.641904,113680.9,113681.0,113680.950000
1758739144.9066882,113680.9,113681.0,113680.950000
1758739145.1700492,113680.9,113681.0,113680.950000
1758739145.432144,113680.9,113681.0,113680.950000
1758739145.7625473,113680.9,113681.0,113680.950000
1758739146.1924546,113680.9,113681.0,113680.950000
1758739146.5576398,113680.9,113681.0,113680.950000
1758739146.8539014,113680.9,113681.0,113680.950000
1758739147.3442788,113680.9,113681.0,113680.950000
1758739147.6087542,113680.9,113681.0,113680.950000
1758739147.8770566,113680.9,113681.0,113680.950000
1758739148.160746,113680.9,113681.0,113680.950000
1758739148.5140011,113680.9,113681.0,113680.950000
1758739148.7578886,113680.9,113681.0,113680.950000
1758739149.0223818,113680.9,113681.0,113680.950000
1758739149.2790601,113680.9,113681.0,113680.950000
1758739149.6462734,113680.9,113681.0,113680.950000
1758739149.907841,113680.9,113681.0,113680.950000
1758739150.4413278,113680.9,113681.0,113680.950000
1758739150.5146148,113680.9,113681.0,113680.950000
1758739150.7346163,113680.9,113681.0,113680.950000
1758739150.999425,113680.9,113681.0,113680.950000
1758739151.2954752,113680.9,113681.0,113680.950000
1758739151.6531358,113680.9,113681.0,113680.950000
1758739151.942959,113680.9,113681.0,113680.950000
1758739152.2031531,113680.9,113681.0,113680.950000
1758739152.4835398,113680.9,113681.0,113680.950000
1758739152.7553468,113680.9,113681.0,113680.950000
1758739153.0369108,113680.9,113681.0,113680.950000
1758739153.3995895,113680.9,113681.0,113680.950000
1758739153.7800004,113680.9,113681.0,113680.950000
1758739153.8888083,113680.9,113681.0,113680.950000
1758739154.1885555,113680.9,113681.0,113680.950000
1758739154.398759,113680.9,113681.0,113680.950000
1758739154.680451,113680.9,113681.0,113680.950000
1758739155.1759937,113680.9,113681.0,113680.950000
1758739155.4143324,113680.9,113681.0,113680.950000
1758739155.6704931,113680.9,113681.0,113680.950000
1758739156.1981137,113680.9,113681.0,113680.950000
1758739156.4488578,113680.9,113681.0,113680.950000
1758739156.6490407,113680.9,113681.0,113680.950000
1758739156.9035816,113680.9,113681.0,113680.950000
1758739157.1770566,113680.9,113681.0,113680.950000
1758739157.4502156,113680.9,113681.0,113680.950000
1758739157.7099893,113680.9,113681.0,113680.950000
1758739157.9716053,113680.9,113681.0,113680.950000
1758739158.231061,113680.9,113681.0,113680.950000
1758739158.515385,113680.9,113681.0,113680.950000
1758739158.7687204,113680.9,113681.0,113680.950000
1758739159.0829496,113680.9,113681.0,113680.950000
1758739159.5003388,113680.9,113681.0,113680.950000
1758739159.6140783,113680.9,113681.0,113680.950000
1758739159.9356973,113680.9,113681.0,113680.950000
1758739160.2049453,113680.9,113681.0,113680.950000
1758739160.540014,113680.9,113681.0,113680.950000
1758739160.796397,113680.9,113681.0,113680.950000
1758739161.130243,113680.9,113681.0,113680.950000
1758739161.3955603,113680.9,113681.0,113680.950000
1758739161.7277107,113680.9,113681.0,113680.950000
1758739161.9934666,113680.9,113681.0,113680.950000
1758739162.3519943,113680.9,113681.0,113680.950000
1758739162.5675566,113680.9,113681.0,113680.950000
1758739162.874349,113680.9,113681.0,113680.950000
1758739163.16814,113680.9,113681.0,113680.950000
1758739163.4376476,113680.9,113681.0,113680.950000
1758739163.7074032,113680.9,113681.0,113680.950000
1758739163.9906948,113680.9,113681.0,113680.950000
1758739164.2537048,113680.9,113681.0,113680.950000
1758739164.6596074,113680.9,113681.0,113680.950000
1758739165.13805,113680.9,113681.0,113680.950000
1758739165.4584339,113680.9,113681.0,113680.950000
1758739165.6738834,113680.9,113681.0,113680.950000
1758739165.9156718,113680.9,113681.0,113680.950000
1758739166.2150812,113680.9,113681.0,113680.950000
1758739166.474646,113680.9,113681.0,113680.950000
1758739166.8041162,113680.9,113681.0,113680.950000
1758739167.129734,113680.9,113681.0,113680.950000
1758739167.3970954,113680.9,113681.0,113680.950000
1758739167.7426186,113680.0,113681.0,113680.500000
1758739168.2330859,113669.7,113671.9,113670.800000
1758739168.4635108,113669.5,113669.6,113669.550000
1758739168.7901092,113669.5,113669.6,113669.550000
1758739169.141536,113669.5,113669.6,113669.550000
1758739169.486626,113669.5,113669.6,113669.550000
1758739169.673913,113669.5,113669.6,113669.550000
1758739169.9648516,113669.5,113669.6,113669.550000
1758739170.2743373,113669.5,113669.6,113669.550000
1758739170.5666735,113669.5,113669.6,113669.550000
1758739170.8336637,113669.5,113669.6,113669.550000
1758739171.1497192,113669.5,113669.6,113669.550000
1758739171.468272,113669.5,113669.6,113669.550000
1758739171.7365315,113669.5,113669.6,113669.550000
1758739172.0204167,113669.5,113669.6,113669.550000
1758739172.3976521,113669.5,113669.6,113669.550000
1758739172.6518254,113669.5,113669.6,113669.550000
1758739172.9214344,113669.5,113669.6,113669.550000
1758739173.1845174,113669.5,113669.6,113669.550000
1758739173.4621787,113669.5,113669.6,113669.550000
1758739173.728232,113669.5,113669.6,113669.550000
1758739174.005188,113669.5,113669.6,113669.550000
1758739174.3849897,113669.5,113669.6,113669.550000
1758739174.6550076,113669.5,113669.6,113669.550000
1758739174.8853815,113669.5,113669.6,113669.550000
1758739175.1778286,113669.5,113669.6,113669.550000
1758739175.447221,113669.5,113669.6,113669.550000
1758739175.7025554,113669.5,113669.6,113669.550000
1758739175.9862545,113669.5,113669.6,113669.550000
1758739176.293726,113669.5,113669.6,113669.550000
1758739176.5905735,113669.5,113669.6,113669.550000
1758739176.8446891,113669.5,113669.6,113669.550000
1758739177.3823352,113669.5,113669.6,113669.550000
1758739177.441335,113669.5,113669.6,113669.550000
1758739177.8196592,113669.5,113669.6,113669.550000
1758739178.1469731,113669.5,113669.6,113669.550000
1758739178.386813,113669.5,113669.6,113669.550000
1758739178.6616855,113669.5,113669.6,113669.550000
1758739178.9676836,113669.5,113669.6,113669.550000
1758739179.2836647,113669.5,113669.6,113669.550000
1758739179.5436893,113669.5,113669.6,113669.550000
1758739179.8660192,113669.5,113669.6,113669.550000
1758739180.2294564,113669.5,113669.6,113669.550000
1758739180.4242191,113669.5,113669.6,113669.550000
1758739180.685597,113669.5,113669.6,113669.550000
1758739181.175817,113669.5,113669.6,113669.550000
1758739181.3926835,113669.5,113669.6,113669.550000
1758739181.6910486,113669.5,113669.6,113669.550000
1758739181.9657493,113669.5,113669.6,113669.550000
1758739182.2217996,113669.5,113669.6,113669.550000
1758739182.4833322,113669.5,113669.6,113669.550000
1758739182.7538683,113669.5,113669.6,113669.550000
1758739183.0141413,113669.5,113669.6,113669.550000
1758739183.4064267,113669.5,113669.6,113669.550000
1758739183.6578648,113669.5,113669.6,113669.550000
1758739183.9306426,113669.5,113669.6,113669.550000
1758739184.246282,113669.5,113669.6,113669.550000
1758739184.527449,113669.5,113669.6,113669.550000
1758739184.819861,113669.5,113669.6,113669.550000
1758739185.1477902,113669.5,113669.6,113669.550000
1758739185.4140258,113669.5,113669.6,113669.550000
1758739185.699436,113669.5,113669.6,113669.550000
1758739185.9546432,113669.5,113669.6,113669.550000
1758739186.3858385,113669.5,113669.6,113669.550000
1758739186.5679796,113669.5,113669.6,113669.550000
1758739187.0309424,113669.5,113669.6,113669.550000
1758739187.3299792,113663.9,113669.5,113666.700000
1758739187.702917,113663.9,113664.0,113663.950000
1758739187.9663332,113663.9,113664.0,113663.950000
1758739188.220572,113663.9,113664.0,113663.950000
1758739188.4832115,113663.9,113664.0,113663.950000
1758739188.7579372,113663.9,113664.0,113663.950000
1758739189.0157795,113663.9,113664.0,113663.950000
1758739189.4459352,113654.2,113654.3,113654.250000
1758739189.655561,113654.2,113654.3,113654.250000
1758739189.9537659,113654.2,113654.3,113654.250000
1758739190.2328343,113654.2,113654.3,113654.250000
1758739190.4854128,113654.2,113654.3,113654.250000
1758739190.748591,113654.2,113654.3,113654.250000
1758739191.0460613,113654.2,113654.3,113654.250000
1758739191.3100853,113654.2,113654.3,113654.250000
1758739191.5673134,113654.2,113654.3,113654.250000
1758739191.838976,113654.2,113654.3,113654.250000
1758739192.428545,113654.2,113654.3,113654.250000
1758739192.466847,113654.2,113654.3,113654.250000
1758739192.6505842,113654.2,113654.3,113654.250000
1758739192.9208913,113654.2,113654.3,113654.250000
1758739193.189062,113654.2,113654.3,113654.250000
1758739193.4447095,113654.2,113654.3,113654.250000
1758739193.701631,113654.2,113654.3,113654.250000
1758739194.0099192,113654.2,113654.3,113654.250000
1758739194.4124238,113654.2,113654.3,113654.250000
1758739194.6888115,113654.2,113654.3,113654.250000
1758739194.9652133,113654.2,113654.3,113654.250000
1758739195.4646938,113654.2,113654.3,113654.250000
1758739195.5073998,113654.2,113654.3,113654.250000
1758739195.7763252,113654.2,113654.3,113654.250000
1758739196.041283,113654.2,113654.3,113654.250000
1758739196.340627,113654.2,113654.3,113654.250000
1758739196.6060424,113654.2,113654.3,113654.250000
1758739196.895323,113654.2,113654.3,113654.250000
1758739197.1580434,113654.2,113654.3,113654.250000
1758739197.4954286,113654.2,113654.3,113654.250000
1758739197.7596588,113654.2,113654.3,113654.250000
1758739198.1236632,113654.2,113654.3,113654.250000
1758739198.4337113,113654.2,113654.3,113654.250000
1758739198.6305802,113654.2,113654.3,113654.250000
1758739198.968026,113654.2,113654.3,113654.250000
1758739199.3842094,113654.2,113654.3,113654.250000
1758739199.6651065,113654.2,113654.3,113654.250000
1758739199.9358878,113654.2,113654.3,113654.250000
1758739200.2026827,113654.2,113654.3,113654.250000
1758739200.6824608,113654.2,113654.3,113654.250000
1758739200.8386216,113654.2,113654.3,113654.250000
1758739201.2550037,113654.2,113654.3,113654.250000
1758739201.5306337,113654.1,113654.2,113654.150000
1758739201.6868572,113654.1,113654.2,113654.150000
1758739202.0233147,113654.1,113654.2,113654.150000
1758739202.2812111,113654.1,113654.2,113654.150000
1758739202.5418892,113654.1,113654.2,113654.150000
1758739202.7837074,113654.1,113654.2,113654.150000
1758739203.0991764,113654.1,113654.2,113654.150000
1758739203.3756394,113654.1,113654.2,113654.150000
1758739203.6912484,113654.1,113654.2,113654.150000
1758739204.2941163,113654.1,113654.2,113654.150000
1758739204.5022628,113654.1,113654.2,113654.150000
1758739204.6438048,113654.1,113654.2,113654.150000
1758739204.896896,113654.1,113654.2,113654.150000
1758739205.1562018,113654.1,113654.2,113654.150000
1758739205.4302602,113654.1,113654.2,113654.150000
1758739205.6953828,113654.1,113654.2,113654.150000
1758739205.9445384,113654.1,113654.2,113654.150000
1758739206.2255847,113654.1,113654.2,113654.150000
1758739206.712839,113654.1,113654.2,113654.150000
1758739206.9708889,113654.1,113654.2,113654.150000
1758739207.5052676,113654.1,113654.2,113654.150000
1758739207.606718,113654.1,113654.2,113654.150000
1758739207.8631706,113654.1,113654.2,113654.150000
1758739208.1490881,113654.1,113654.2,113654.150000
1758739208.393976,113654.1,113654.2,113654.150000
1758739208.6884298,113654.1,113654.2,113654.150000
1758739208.987631,113654.1,113654.2,113654.150000
1758739209.2592204,113654.1,113654.2,113654.150000
1758739209.5095284,113654.1,113654.2,113654.150000
1758739209.8260543,113654.1,113654.2,113654.150000
1758739210.424569,113654.1,113654.2,113654.150000
1758739210.4829664,113654.1,113654.2,113654.150000
1758739210.6799364,113654.1,113654.2,113654.150000
1758739210.9630299,113654.1,113654.2,113654.150000
1758739211.2464292,113654.1,113654.2,113654.150000
1758739211.5719473,113654.1,113654.2,113654.150000
1758739211.8598907,113654.1,113654.2,113654.150000
1758739212.1385403,113654.1,113654.2,113654.150000
1758739212.4586282,113654.1,113654.2,113654.150000
1758739212.7152154,113654.1,113654.2,113654.150000
1758739212.9807193,113654.1,113654.2,113654.150000
1758739213.3477569,113654.1,113654.2,113654.150000
1758739213.5403252,113654.1,113654.2,113654.150000
1758739213.817238,113654.1,113654.2,113654.150000
1758739214.1497588,113654.1,113654.2,113654.150000
1758739214.4083703,113654.1,113654.2,113654.150000
1758739214.6611996,113654.1,113654.2,113654.150000
1758739214.9828143,113654.1,113654.2,113654.150000
1758739215.2626743,113654.1,113654.2,113654.150000
1758739215.6055522,113654.1,113654.2,113654.150000
1758739215.9119473,113654.1,113654.2,113654.150000
1758739216.4790967,113654.1,113654.2,113654.150000
1758739216.6782417,113654.1,113654.2,113654.150000
1758739217.007912,113654.1,113654.2,113654.150000
1758739217.2733135,113654.1,113654.2,113654.150000
1758739217.5584466,113654.1,113654.2,113654.150000
1758739217.8567722,113654.1,113654.2,113654.150000
1758739218.1296349,113654.1,113654.2,113654.150000
1758739218.4038787,113654.1,113654.2,113654.150000
1758739218.7071686,113654.1,113654.2,113654.150000
1758739218.968708,113654.1,113654.2,113654.150000
1758739219.469278,113654.1,113654.2,113654.150000
1758739219.5502348,113654.1,113654.2,113654.150000
1758739219.8265076,113654.1,113654.2,113654.150000
1758739220.158491,113654.1,113654.2,113654.150000
1758739220.3805666,113654.1,113654.2,113654.150000
1758739220.661726,113654.1,113654.2,113654.150000
1758739221.005944,113654.1,113654.2,113654.150000
1758739221.6004124,113654.1,113654.2,113654.150000
1758739221.7425056,113654.1,113654.2,113654.150000
1758739222.0202506,113654.1,113654.2,113654.150000
1758739222.3580148,113654.1,113654.2,113654.150000
1758739222.7415686,113654.1,113654.2,113654.150000
1758739223.0164697,113654.1,113654.2,113654.150000
1758739223.4835784,113654.1,113654.2,113654.150000
1758739223.8396106,113654.1,113654.2,113654.150000
1758739224.1542354,113654.1,113654.2,113654.150000
1758739224.4921203,113654.1,113654.2,113654.150000
1758739224.7567613,113654.1,113654.2,113654.150000
1758739225.019559,113654.1,113654.2,113654.150000
1758739225.38689,113654.1,113654.2,113654.150000
1758739225.5747736,113654.1,113654.2,113654.150000
1758739226.026797,113654.1,113654.2,113654.150000
1758739226.2779543,113654.1,113654.2,113654.150000
1758739226.8402443,113654.1,113654.2,113654.150000
1758739226.9361932,113654.1,113654.2,113654.150000
1758739227.186654,113654.1,113654.2,113654.150000
1758739227.4619763,113654.1,113654.2,113654.150000
1758739227.715427,113654.1,113654.2,113654.150000
1758739227.9731886,113654.1,113654.2,113654.150000
1758739228.3897424,113654.1,113654.2,113654.150000
1758739228.5031242,113654.1,113654.2,113654.150000
1758739228.7679942,113654.1,113654.2,113654.150000
1758739229.2692857,113654.1,113654.2,113654.150000
1758739229.6663625,113654.1,113654.2,113654.150000
1758739229.921103,113654.1,113654.2,113654.150000
1758739230.292094,113654.1,113654.2,113654.150000
1758739230.6036649,113654.1,113654.2,113654.150000
1758739230.8659153,113654.1,113654.2,113654.150000
1758739231.3969038,113654.1,113654.2,113654.150000
1758739231.4821515,113654.1,113654.2,113654.150000
1758739231.7324018,113654.1,113654.2,113654.150000
1758739232.0062623,113654.1,113654.2,113654.150000
1758739232.27014,113654.1,113654.2,113654.150000
1758739232.5764542,113654.1,113654.2,113654.150000
1758739232.920693,113654.1,113654.2,113654.150000
1758739233.1722543,113654.1,113654.2,113654.150000
1758739233.43034,113654.1,113654.2,113654.150000
1758739233.7733698,113654.1,113654.2,113654.150000
1758739234.031709,113654.1,113654.2,113654.150000
1758739234.393981,113654.1,113654.2,113654.150000
1758739234.669599,113654.1,113654.2,113654.150000
1758739234.9961824,113654.1,113654.2,113654.150000
1758739235.270745,113654.1,113654.2,113654.150000
1758739235.5660322,113654.1,113654.2,113654.150000
1758739236.0025918,113654.1,113654.2,113654.150000
1758739236.3857462,113654.1,113654.2,113654.150000
1758739236.6235504,113654.1,113654.2,113654.150000
1758739236.8875468,113654.1,113654.2,113654.150000
1758739237.3890767,113654.1,113654.2,113654.150000
1758739237.4372208,113654.1,113654.2,113654.150000
1758739237.6922212,113654.1,113654.2,113654.150000
1758739237.9628527,113654.1,113654.2,113654.150000
1758739238.2533596,113654.1,113654.2,113654.150000
1758739238.528385,113654.1,113654.2,113654.150000
1758739238.7820697,113654.1,113654.2,113654.150000
1758739239.1221383,113654.1,113654.2,113654.150000
1758739239.4500778,113654.1,113654.2,113654.150000
1758739239.7270503,113654.1,113654.2,113654.150000
1758739240.3391197,113654.1,113654.2,113654.150000
1758739240.4128606,113654.1,113654.2,113654.150000
1758739240.6807694,113654.1,113654.2,113654.150000
1758739241.0453832,113654.1,113654.2,113654.150000
1758739241.3036609,113654.1,113654.2,113654.150000
1758739241.6054323,113654.1,113654.2,113654.150000
1758739241.938585,113654.2,113654.3,113654.250000
1758739242.4459693,113654.2,113665.5,113659.850000
1758739242.5725431,113667.7,113667.8,113667.750000
1758739242.8563876,113667.7,113668.5,113668.100000
1758739243.3326328,113668.4,113668.5,113668.450000
1758739243.5160005,113668.4,113668.5,113668.450000
1758739243.780697,113668.4,113668.5,113668.450000
1758739244.0385394,113668.4,113668.5,113668.450000
1758739244.381479,113668.4,113668.5,113668.450000
1758739244.74465,113669.4,113669.5,113669.450000
1758739245.0242543,113669.4,113669.5,113669.450000
1758739245.4017985,113672.7,113672.9,113672.800000
1758739245.6963713,113672.8,113672.9,113672.850000
1758739245.9869065,113672.8,113672.9,113672.850000
1758739246.3728592,113672.8,113672.9,113672.850000
1758739246.577664,113672.8,113672.9,113672.850000
1758739246.8427644,113672.8,113672.9,113672.850000
1758739247.1401606,113672.8,113672.9,113672.850000
1758739247.3908563,113672.8,113672.9,113672.850000
1758739247.6576178,113672.8,113672.9,113672.850000
1758739247.9201233,113672.8,113672.9,113672.850000
1758739248.1884246,113672.8,113672.9,113672.850000
1758739248.4556406,113672.8,113672.9,113672.850000
1758739248.721671,113672.8,113672.9,113672.850000
1758739248.9882774,113672.8,113672.9,113672.850000
1758739249.3666909,113672.8,113672.9,113672.850000
1758739249.4979277,113672.8,113672.9,113672.850000
1758739249.7794857,113672.8,113672.9,113672.850000
1758739250.0429945,113672.8,113672.9,113672.850000
1758739250.3082106,113672.8,113672.9,113672.850000
1758739250.5724266,113672.8,113672.9,113672.850000
1758739250.8376172,113672.8,113672.9,113672.850000
1758739251.1141648,113672.8,113672.9,113672.850000
1758739251.387244,113672.8,113672.9,113672.850000
1758739251.6361513,113672.8,113672.9,113672.850000
1758739251.8978498,113672.8,113672.9,113672.850000
1758739252.3505604,113672.8,113672.9,113672.850000
1758739252.4871924,113672.8,113672.9,113672.850000
1758739252.8670733,113672.8,113672.9,113672.850000
1758739253.0276184,113672.8,113672.9,113672.850000
1758739253.3119855,113672.8,113672.9,113672.850000
1758739253.5689094,113672.8,113672.9,113672.850000
1758739253.8784542,113672.8,113672.9,113672.850000
1758739254.1471221,113672.8,113672.9,113672.850000
1758739254.4119236,113672.8,113672.9,113672.850000
1758739254.7079725,113672.8,113672.9,113672.850000
1758739254.971286,113672.8,113672.9,113672.850000
1758739255.4218485,113672.8,113672.9,113672.850000
1758739255.5230007,113672.8,113672.9,113672.850000
1758739255.8192732,113672.8,113672.9,113672.850000
1758739256.1571686,113672.8,113672.9,113672.850000
1758739256.400661,113672.8,113672.9,113672.850000
1758739256.7112074,113672.8,113672.9,113672.850000
1758739256.972046,113672.8,113672.9,113672.850000
1758739257.2218997,113672.8,113672.9,113672.850000
1758739257.5634592,113672.8,113672.9,113672.850000
1758739257.8531373,113672.8,113672.9,113672.850000
1758739258.3513737,113672.8,113672.9,113672.850000
1758739258.4191706,113672.8,113672.9,113672.850000
1758739258.6966643,113672.8,113672.9,113672.850000
1758739258.9757776,113672.8,113672.9,113672.850000
1758739259.2957208,113672.8,113672.9,113672.850000
1758739259.5424573,113672.8,113672.9,113672.850000
1758739259.795072,113672.8,113672.9,113672.850000
1758739260.0468132,113672.8,113672.9,113672.850000
1758739260.334681,113672.8,113672.9,113672.850000
1758739260.6017356,113672.8,113672.9,113672.850000
1758739260.858323,113672.8,113672.9,113672.850000
1758739261.3640318,113672.8,113672.9,113672.850000
1758739261.5181837,113672.8,113672.9,113672.850000
1758739261.8447213,113672.8,113672.9,113672.850000
1758739262.153594,113672.8,113672.9,113672.850000
1758739262.4515853,113672.8,113672.9,113672.850000
1758739262.738974,113672.8,113672.9,113672.850000
1758739263.1373582,113672.8,113672.9,113672.850000
1758739263.6473234,113672.8,113672.9,113672.850000
1758739263.6697073,113672.8,113672.9,113672.850000
1758739263.935862,113672.8,113672.9,113672.850000
1758739264.358474,113672.8,113672.9,113672.850000
1758739264.5490975,113672.8,113672.9,113672.850000
1758739264.831547,113672.8,113672.9,113672.850000
1758739265.3245783,113672.8,113672.9,113672.850000
1758739265.4870079,113672.8,113672.9,113672.850000
1758739265.770497,113672.8,113672.9,113672.850000
1758739266.0608885,113672.8,113672.9,113672.850000
1758739266.3100226,113672.8,113672.9,113672.850000
1758739266.6559803,113672.8,113672.9,113672.850000
1758739266.9024675,113672.8,113672.9,113672.850000
1758739267.3440635,113672.8,113672.9,113672.850000
1758739267.4885435,113672.8,113672.9,113672.850000
1758739267.749998,113672.8,113672.9,113672.850000
1758739268.0484595,113672.8,113672.9,113672.850000
1758739268.343463,113672.8,113672.9,113672.850000
1758739268.6244252,113672.8,113672.9,113672.850000
1758739268.8826225,113672.8,113672.9,113672.850000
1758739269.158547,113672.8,113672.9,113672.850000
1758739269.5222156,113672.8,113672.9,113672.850000
1758739269.6916282,113672.8,113672.9,113672.850000
1758739269.9497106,113672.8,113672.9,113672.850000
1758739270.400223,113672.8,113672.9,113672.850000
1758739270.5222328,113672.8,113672.9,113672.850000
1758739270.8675916,113672.8,113672.9,113672.850000
1758739271.225097,113672.8,113672.9,113672.850000
1758739271.494459,113672.8,113672.9,113672.850000
1758739271.7604535,113672.8,113672.9,113672.850000
1758739272.0120215,113672.8,113672.9,113672.850000
1758739272.360165,113672.8,113672.9,113672.850000
1758739272.6126988,113672.8,113672.9,113672.850000
1758739272.8734484,113672.8,113672.9,113672.850000
1758739273.3691065,113672.8,113672.9,113672.850000
1758739273.4509492,113672.8,113672.9,113672.850000
1758739273.7072935,113672.8,113672.9,113672.850000
1758739274.1068146,113672.8,113672.9,113672.850000
1758739274.227823,113672.8,113672.9,113672.850000
1758739274.6659997,113672.8,113672.9,113672.850000
1758739274.9272301,113672.8,113672.9,113672.850000
1758739275.1936212,113672.8,113672.9,113672.850000
1758739275.4713569,113672.8,113672.9,113672.850000
1758739275.731426,113672.8,113672.9,113672.850000
1758739275.9937503,113672.8,113672.9,113672.850000
1758739276.3710835,113672.8,113672.9,113672.850000
1758739276.5683148,113672.8,113672.9,113672.850000
1758739276.834914,113672.8,113672.9,113672.850000
1758739277.1458101,113672.8,113672.9,113672.850000
1758739277.3914368,113672.8,113672.9,113672.850000
1758739277.7202365,113672.8,113672.9,113672.850000
1758739277.9605608,113672.8,113672.9,113672.850000
1758739278.2575812,113672.8,113672.9,113672.850000
1758739278.5245714,113672.8,113672.9,113672.850000
1758739278.8464382,113672.8,113672.9,113672.850000
1758739279.3634167,113672.8,113672.9,113672.850000
1758739279.430011,113672.8,113672.9,113672.850000
1758739279.7252262,113672.8,113672.9,113672.850000
1758739280.1930883,113672.8,113672.9,113672.850000
1758739280.3195062,113672.8,113672.9,113672.850000
1758739280.5870245,113672.8,113672.9,113672.850000
1758739280.9157948,113672.8,113672.9,113672.850000
1758739281.2039833,113672.8,113672.9,113672.850000
1758739281.460557,113672.8,113672.9,113672.850000
1758739281.748873,113672.8,113672.9,113672.850000
1758739282.0044622,113672.8,113672.9,113672.850000
1758739282.3639963,113672.8,113672.9,113672.850000
1758739282.560004,113672.8,113672.9,113672.850000
1758739282.8721316,113672.8,113672.9,113672.850000
1758739283.1575928,113672.8,113672.9,113672.850000
1758739283.4482708,113672.8,113672.9,113672.850000
1758739283.728037,113672.8,113672.9,113672.850000
1758739283.990546,113672.8,113672.9,113672.850000
1758739284.2500517,113672.8,113672.9,113672.850000
1758739284.6019886,113672.8,113672.9,113672.850000
1758739284.7831323,113672.8,113672.9,113672.850000
1758739285.044643,113672.8,113672.9,113672.850000
1758739285.413113,113672.8,113672.9,113672.850000
1758739285.6051128,113672.8,113672.9,113672.850000
1758739285.8608809,113672.8,113672.9,113672.850000
1758739286.148303,113672.8,113672.9,113672.850000
1758739286.3982685,113672.8,113672.9,113672.850000
1758739286.6830251,113672.8,113672.9,113672.850000
1758739287.011175,113672.8,113672.9,113672.850000
1758739287.4273896,113672.8,113672.9,113672.850000
1758739287.687098,113672.8,113672.9,113672.850000
1758739287.946007,113672.8,113672.9,113672.850000
1758739288.3935657,113672.8,113672.9,113672.850000
1758739288.4548683,113672.8,113672.9,113672.850000
1758739288.753515,113672.8,113672.9,113672.850000
1758739289.032071,113672.8,113672.9,113672.850000
1758739289.2905197,113672.8,113672.9,113672.850000
1758739289.55387,113672.8,113672.9,113672.850000
1758739289.8815808,113672.8,113672.9,113672.850000
1758739290.2579281,113672.8,113672.9,113672.850000
1758739290.5075605,113672.8,113672.9,113672.850000
1758739290.7748072,113672.8,113672.9,113672.850000
1758739291.034271,113672.8,113672.9,113672.850000
1758739291.3222916,113672.8,113672.9,113672.850000
1758739291.603572,113672.8,113672.9,113672.850000
1758739291.8693464,113672.8,113672.9,113672.850000
1758739292.1283762,113672.8,113672.9,113672.850000
1758739292.3870559,113672.8,113672.9,113672.850000
1758739292.6612842,113672.8,113672.9,113672.850000
1758739292.9145405,113672.8,113672.9,113672.850000
1758739293.1842284,113672.8,113672.9,113672.850000
1758739293.4867294,113672.8,113672.9,113672.850000
1758739293.7511444,113672.8,113672.9,113672.850000
1758739294.007625,113672.8,113672.9,113672.850000
1758739294.3154173,113672.8,113672.9,113672.850000
1758739294.5186708,113672.8,113672.9,113672.850000
1758739294.8037205,113672.8,113672.9,113672.850000
1758739295.1427352,113672.8,113672.9,113672.850000
1758739295.3807795,113672.8,113672.9,113672.850000
1758739295.6681077,113672.8,113672.9,113672.850000
1758739295.9382813,113672.8,113672.9,113672.850000
1758739296.2146194,113672.8,113672.9,113672.850000
1758739296.464117,113672.8,113672.9,113672.850000
1758739296.7225065,113672.8,113672.9,113672.850000
1758739296.9833906,113672.8,113672.9,113672.850000
1758739297.3646958,113672.8,113672.9,113672.850000
1758739297.5380976,113672.8,113672.9,113672.850000
1758739297.8330133,113672.8,113672.9,113672.850000
1758739298.1946425,113672.8,113672.9,113672.850000
1758739298.503347,113672.8,113672.9,113672.850000
1758739298.775317,113672.8,113672.9,113672.850000
1758739299.10413,113672.8,113672.9,113672.850000
1758739299.3413417,113672.8,113672.9,113672.850000
1758739299.5980294,113672.8,113672.9,113672.850000
1758739299.9337144,113672.8,113672.9,113672.850000
1758739300.4502134,113672.8,113672.9,113672.850000
1758739300.6327186,113672.8,113672.9,113672.850000
1758739300.8981888,113672.8,113672.9,113672.850000
1758739301.1603541,113672.8,113672.9,113672.850000
1758739301.4504898,113672.8,113672.9,113672.850000
1758739301.7046044,113672.8,113672.9,113672.850000
1758739301.9655607,113672.8,113672.9,113672.850000
1758739302.27254,113672.8,113672.9,113672.850000
1758739302.537244,113672.8,113672.9,113672.850000
1758739302.8537798,113672.8,113672.9,113672.850000
1758739303.3527708,113672.8,113672.9,113672.850000
1758739303.4072583,113672.8,113672.9,113672.850000
1758739303.658547,113672.8,113672.9,113672.850000
1758739303.9164467,113672.8,113672.9,113672.850000
1758739304.2186038,113672.8,113672.9,113672.850000
1758739304.4798155,113672.8,113672.9,113672.850000
1758739304.7570367,113672.8,113672.9,113672.850000
1758739305.0378444,113672.8,113672.9,113672.850000
1758739305.2853374,113672.8,113672.9,113672.850000
1758739305.5574317,113672.8,113672.9,113672.850000
1758739305.8620112,113672.8,113672.9,113672.850000
1758739306.4329512,113672.8,113672.9,113672.850000
1758739306.5105128,113672.8,113672.9,113672.850000
1758739306.7460997,113672.8,113672.9,113672.850000
1758739307.0267963,113672.8,113672.9,113672.850000
1758739307.2908876,113672.8,113672.9,113672.850000
1758739307.5696454,113672.8,113672.9,113672.850000
1758739307.9249809,113672.8,113672.9,113672.850000
1758739308.1191437,113672.8,113672.9,113672.850000
1758739308.382193,113672.8,113672.9,113672.850000
1758739308.7248507,113672.8,113672.9,113672.850000
1758739309.0032065,113672.8,113672.9,113672.850000
1758739309.3284802,113672.8,113672.9,113672.850000
1758739309.6806667,113672.8,113672.9,113672.850000
1758739309.965849,113672.8,113672.9,113672.850000
1758739310.3648205,113672.8,113672.9,113672.850000
1758739310.8037672,113672.8,113672.9,113672.850000
1758739310.9087105,113672.8,113672.9,113672.850000
1758739311.1809676,113672.8,113672.9,113672.850000
1758739311.43867,113672.8,113672.9,113672.850000
1758739311.7870734,113672.6,113672.7,113672.650000
1758739312.2335255,113672.6,113672.7,113672.650000
1758739312.4279785,113670.0,113670.1,113670.050000
1758739312.7291799,113670.0,113670.1,113670.050000
1758739313.0430846,113670.0,113670.1,113670.050000
1758739313.3242173,113670.0,113670.1,113670.050000
1758739313.614433,113670.0,113670.1,113670.050000
1758739313.8889494,113670.0,113670.1,113670.050000
1758739314.185904,113670.0,113670.1,113670.050000
1758739314.4633312,113670.0,113670.1,113670.050000
1758739314.7454147,113670.0,113670.1,113670.050000
1758739314.999385,113670.0,113670.1,113670.050000
1758739315.264712,113670.0,113670.1,113670.050000
1758739315.6558318,113670.0,113670.1,113670.050000
1758739316.0608916,113670.0,113670.1,113670.050000
1758739316.2472806,113670.0,113670.1,113670.050000
1758739316.5579648,113670.0,113670.1,113670.050000
1758739316.8345473,113670.0,113670.1,113670.050000
1758739317.1071918,113670.0,113670.1,113670.050000
1758739317.372119,113670.0,113670.1,113670.050000
1758739317.6836147,113670.0,113670.1,113670.050000
1758739317.9944394,113670.0,113670.1,113670.050000
1758739318.3687987,113670.0,113670.1,113670.050000
1758739318.509406,113670.0,113670.1,113670.050000
1758739318.8036292,113670.0,113670.1,113670.050000
1758739319.132833,113670.0,113670.1,113670.050000
1758739319.465658,113670.0,113670.1,113670.050000
1758739319.7465658,113670.0,113670.1,113670.050000
1758739320.0327277,113670.0,113670.1,113670.050000
1758739320.3065739,113670.0,113670.1,113670.050000
1758739320.5930529,113670.0,113670.1,113670.050000
1758739320.8666368,113670.0,113670.1,113670.050000
1758739321.3368824,113670.0,113670.1,113670.050000
1758739321.410857,113670.0,113670.1,113670.050000
1758739321.7206,113670.0,113670.1,113670.050000
1758739321.9932282,113670.0,113670.1,113670.050000
1758739322.2574277,113670.0,113670.1,113670.050000
1758739322.5152233,113670.0,113670.1,113670.050000
1758739322.8104155,113670.0,113670.1,113670.050000
1758739323.0972283,113670.0,113670.1,113670.050000
1758739323.3766215,113670.0,113670.1,113670.050000
1758739323.6529863,113670.0,113670.1,113670.050000
1758739323.9062388,113670.0,113670.1,113670.050000
1758739324.3066864,113670.0,113670.1,113670.050000
1758739324.465905,113670.0,113670.1,113670.050000
1758739324.7574613,113670.0,113670.1,113670.050000
1758739325.1352828,113651.5,113651.6,113651.550000
1758739325.4630826,113650.1,113651.2,113650.650000
1758739325.7308557,113646.5,113650.1,113648.300000
1758739326.1101253,113646.5,113646.6,113646.550000
1758739326.5613034,113646.0,113646.1,113646.050000
1758739326.663759,113644.6,113646.1,113645.350000
1758739326.9838746,113643.5,113644.7,113644.100000
1758739327.407466,113640.3,113643.3,113641.800000
1758739327.6697693,113640.3,113640.4,113640.350000
1758739327.9720588,113640.3,113640.4,113640.350000
1758739328.2675872,113640.3,113640.4,113640.350000
1758739328.536395,113640.3,113640.4,113640.350000
1758739328.833848,113640.3,113640.4,113640.350000
1758739329.1195917,113640.3,113640.4,113640.350000
1758739329.4021518,113640.3,113640.4,113640.350000
1758739329.7206655,113640.3,113640.4,113640.350000
1758739330.020574,113640.3,113640.4,113640.350000
1758739330.3034422,113639.0,113639.1,113639.050000
1758739330.6048975,113636.4,113636.5,113636.450000
1758739330.9394045,113636.4,113636.5,113636.450000
1758739331.1996927,113636.4,113636.5,113636.450000
1758739331.4763045,113636.4,113636.5,113636.450000
1758739331.7859743,113636.0,113636.1,113636.050000
1758739332.091285,113636.0,113636.1,113636.050000
1758739332.3826082,113636.0,113636.1,113636.050000
1758739332.6634035,113636.0,113636.1,113636.050000
1758739332.9200869,113636.0,113636.1,113636.050000
1758739333.318335,113636.0,113636.1,113636.050000
1758739333.44842,113636.0,113636.1,113636.050000
1758739333.7649653,113636.0,113636.1,113636.050000
1758739334.0467103,113636.0,113636.1,113636.050000
1758739334.2994895,113636.0,113636.1,113636.050000
1758739334.557632,113636.0,113636.1,113636.050000
1758739334.8310173,113634.8,113634.9,113634.850000
1758739335.1167111,113634.0,113634.1,113634.050000
1758739335.340404,113634.0,113634.1,113634.050000
1758739335.6160114,113634.0,113634.1,113634.050000
1758739335.86699,113634.0,113634.1,113634.050000
1758739336.2838295,113634.0,113634.1,113634.050000
1758739336.4374602,113632.0,113633.6,113632.800000
1758739336.7103674,113632.0,113632.1,113632.050000
1758739336.9834158,113632.0,113632.1,113632.050000
1758739337.290698,113627.8,113627.9,113627.850000
1758739337.6039207,113627.8,113627.9,113627.850000
1758739337.9176338,113627.5,113627.9,113627.700000
1758739338.2640512,113624.5,113624.6,113624.550000
1758739338.5829384,113624.5,113624.6,113624.550000
1758739338.900532,113624.5,113624.6,113624.550000
1758739339.30738,113624.5,113624.6,113624.550000
1758739339.4220836,113624.5,113624.6,113624.550000
1758739339.7252247,113624.5,113624.6,113624.550000
1758739340.023804,113624.5,113624.6,113624.550000
1758739340.4349303,113624.5,113624.6,113624.550000
1758739340.6991496,113624.5,113624.6,113624.550000
1758739340.994299,113624.5,113624.6,113624.550000
1758739341.2464976,113624.5,113624.6,113624.550000
1758739341.511309,113624.5,113624.6,113624.550000
1758739341.7805767,113624.5,113624.6,113624.550000
1758739342.2514262,113624.5,113624.6,113624.550000
1758739342.4161546,113624.5,113624.6,113624.550000
1758739342.693047,113624.5,113624.6,113624.550000
1758739342.949015,113624.5,113624.6,113624.550000
1758739343.2242155,113624.5,113624.6,113624.550000
1758739343.4782982,113624.5,113624.6,113624.550000
1758739343.79164,113624.5,113624.6,113624.550000
1758739344.0581203,113624.5,113624.6,113624.550000
1758739344.3358078,113624.5,113624.6,113624.550000
1758739344.691263,113624.5,113624.6,113624.550000
1758739344.9954314,113624.5,113624.6,113624.550000
1758739345.3401694,113624.5,113624.6,113624.550000
1758739345.5074797,113624.5,113624.6,113624.550000
1758739345.8138077,113624.5,113624.6,113624.550000
1758739346.2215219,113624.5,113624.6,113624.550000
1758739346.333244,113624.5,113624.6,113624.550000
1758739346.5729876,113624.5,113624.6,113624.550000
1758739346.8431478,113624.5,113624.6,113624.550000
1758739347.1180155,113624.5,113624.6,113624.550000
1758739347.4617646,113624.5,113624.6,113624.550000
1758739347.8233993,113624.5,113624.6,113624.550000
1758739348.1731381,113624.5,113624.6,113624.550000
1758739348.4013288,113624.5,113624.6,113624.550000
1758739348.657074,113624.4,113624.5,113624.450000
1758739348.9343593,113624.4,113624.5,113624.450000
1758739349.18566,113624.4,113624.5,113624.450000
1758739349.4913757,113624.4,113624.5,113624.450000
1758739349.747197,113624.4,113624.5,113624.450000
1758739350.0184777,113624.4,113624.5,113624.450000
1758739350.3108847,113624.4,113624.5,113624.450000
1758739350.580435,113620.5,113620.6,113620.550000
1758739350.8464243,113620.5,113620.6,113620.550000
1758739351.2855194,113620.5,113620.6,113620.550000
1758739351.3776245,113620.5,113620.6,113620.550000
1758739351.7035382,113620.5,113620.6,113620.550000
1758739351.9564824,113620.5,113620.6,113620.550000
1758739352.2574527,113620.5,113620.6,113620.550000
1758739352.532559,113620.5,113620.6,113620.550000
1758739352.7916064,113620.5,113620.6,113620.550000
1758739353.0636027,113620.5,113620.6,113620.550000
1758739353.403791,113620.5,113620.6,113620.550000
1758739353.696267,113620.5,113620.6,113620.550000
1758739354.0033672,113620.5,113620.6,113620.550000
1758739354.3840048,113620.5,113620.6,113620.550000
1758739354.537545,113620.5,113620.6,113620.550000
1758739354.7961051,113620.5,113620.6,113620.550000
1758739355.1221724,113620.5,113620.6,113620.550000
1758739355.4223063,113620.5,113620.6,113620.550000
1758739355.6780782,113620.5,113620.6,113620.550000
1758739355.9447384,113620.5,113620.6,113620.550000
1758739356.2052398,113620.5,113620.6,113620.550000
1758739356.4638362,113620.5,113620.6,113620.550000
1758739356.7426775,113620.5,113620.6,113620.550000
1758739357.0092824,113620.5,113620.6,113620.550000
1758739357.312807,113620.5,113620.6,113620.550000
1758739357.5621634,113620.5,113620.6,113620.550000
1758739357.9633772,113620.5,113620.6,113620.550000
1758739358.1463096,113620.5,113620.6,113620.550000
1758739358.4166965,113620.5,113620.6,113620.550000
1758739358.673326,113620.5,113620.6,113620.550000
1758739358.9379897,113620.5,113620.6,113620.550000
1758739359.2004645,113620.5,113620.6,113620.550000
1758739359.4730356,113620.5,113620.6,113620.550000
1758739359.7466943,113620.5,113620.6,113620.550000
1758739360.037633,113620.5,113620.6,113620.550000
1758739360.3342535,113620.5,113620.6,113620.550000
1758739360.6200914,113620.5,113620.6,113620.550000
1758739360.973125,113620.5,113620.6,113620.550000
1758739361.237314,113620.5,113620.6,113620.550000
1758739361.8079245,113620.5,113620.6,113620.550000
1758739362.136081,113620.5,113620.6,113620.550000
1758739362.4524667,113620.5,113620.6,113620.550000
1758739362.7086585,113620.5,113620.6,113620.550000
1758739362.9673975,113620.5,113620.6,113620.550000
1758739363.3419447,113620.5,113620.6,113620.550000
1758739363.5322351,113620.5,113620.6,113620.550000
1758739363.7861526,113620.5,113620.6,113620.550000
1758739364.0479143,113620.5,113620.6,113620.550000
1758739364.4103963,113620.5,113620.6,113620.550000
1758739364.6869721,113620.5,113620.6,113620.550000
1758739365.0368006,113620.5,113620.6,113620.550000
1758739365.4012988,113620.5,113620.6,113620.550000
1758739365.709166,113620.5,113620.6,113620.550000
1758739365.9890852,113620.5,113620.6,113620.550000
1758739366.3667397,113620.5,113620.6,113620.550000
1758739366.5415313,113620.5,113620.6,113620.550000
1758739366.8196163,113620.5,113620.6,113620.550000
1758739367.1700861,113620.5,113620.6,113620.550000
1758739367.3922622,113620.5,113620.6,113620.550000
1758739367.6679413,113620.5,113620.6,113620.550000
1758739367.9226997,113620.5,113620.6,113620.550000
1758739368.4212062,113620.5,113620.6,113620.550000
1758739368.519499,113620.5,113620.6,113620.550000
1758739368.7930415,113620.5,113620.6,113620.550000
1758739369.0493982,113620.5,113620.6,113620.550000
1758739369.376959,113620.5,113620.6,113620.550000
1758739369.6606429,113620.5,113620.6,113620.550000
1758739369.9212728,113620.5,113620.6,113620.550000
1758739370.2075002,113620.5,113620.6,113620.550000
1758739370.4818103,113620.5,113620.6,113620.550000
1758739370.7488277,113620.5,113620.6,113620.550000
1758739371.015824,113620.5,113620.6,113620.550000
1758739371.2857587,113620.5,113620.6,113620.550000
1758739371.539184,113620.5,113620.6,113620.550000
1758739371.811996,113620.5,113620.6,113620.550000
1758739372.289157,113620.5,113620.6,113620.550000
1758739372.4376621,113620.5,113620.6,113620.550000
1758739372.77771,113620.5,113620.6,113620.550000
1758739373.1241517,113620.5,113620.6,113620.550000
1758739373.3463752,113620.5,113620.6,113620.550000
1758739373.6925333,113620.5,113620.6,113620.550000
1758739373.9461362,113620.5,113620.6,113620.550000
1758739374.2012992,113620.5,113620.6,113620.550000
1758739374.476576,113620.5,113620.6,113620.550000
1758739374.7988317,113620.5,113620.6,113620.550000
